class_id,num_gt,num_pred,tp,fp,precision,recall,ap50
0,169,300,4,296,0.013333,0.023669,0.000504
1,98,26,4,22,0.153846,0.040816,0.01513
2,282,26,0,26,0.0,0.0,0.0
3,130,88,56,32,0.636364,0.430769,0.297753
4,295,3,0,3,0.0,0.0,0.0
