class_id,num_gt,num_pred,tp,fp,precision,recall,ap50
0,169,302,4,298,0.013245,0.023669,0.000556
1,98,35,5,30,0.142857,0.05102,0.015684
2,282,24,0,24,0.0,0.0,0.0
3,130,91,59,32,0.648352,0.453846,0.324882
4,295,2,0,2,0.0,0.0,0.0
